customer_id,first_name,last_name,email,region,segment,signup_date,age_group
CUST0001,Aarav,Patel,customer1@email.com,East,Premium,2020-02-11,25-34
CUST0002,Divya,Singh,customer2@email.com,North,Occasional,2020-01-21,25-34
CUST0003,Ananya,Iyer,customer3@email.com,North,Occasional,2022-04-03,25-34
CUST0004,Vikram,Singh,customer4@email.com,Central,Occasional,2022-03-14,18-24
CUST0005,Swati,Verma,customer5@email.com,North,Regular,2020-11-20,18-24
CUST0006,Aditya,Singh,customer6@email.com,West,Occasional,2021-07-13,45-54
CUST0007,Nisha,Nair,customer7@email.com,East,Premium,2022-11-13,55+
CUST0008,Riya,Joshi,customer8@email.com,Central,Premium,2022-07-07,45-54
CUST0009,Ananya,Gupta,customer9@email.com,West,Premium,2020-05-26,35-44
CUST0010,Pooja,Iyer,customer10@email.com,East,Regular,2020-04-16,25-34
CUST0011,Rajesh,Sharma,customer11@email.com,East,Regular,2022-03-16,55+
CUST0012,Siddharth,Joshi,customer12@email.com,Central,Premium,2021-08-26,18-24
CUST0013,Nisha,Patel,customer13@email.com,West,Regular,2022-04-29,45-54
CUST0014,Siddharth,Singh,customer14@email.com,South,Premium,2020-07-08,25-34
CUST0015,Rajesh,Patel,customer15@email.com,North,Occasional,2021-03-05,25-34
CUST0016,Rajesh,Reddy,customer16@email.com,Central,Premium,2021-10-20,45-54
CUST0017,Sneha,Joshi,customer17@email.com,East,Occasional,2022-07-31,35-44
CUST0018,Nisha,Patel,customer18@email.com,South,Regular,2022-01-25,35-44
CUST0019,Meera,Reddy,customer19@email.com,Central,Regular,2021-11-11,35-44
CUST0020,Divya,Mehta,customer20@email.com,West,Regular,2022-04-26,45-54
CUST0021,Siddharth,Nair,customer21@email.com,South,Occasional,2022-02-05,45-54
CUST0022,Aarav,Reddy,customer22@email.com,East,Regular,2021-07-16,35-44
CUST0023,Riya,Reddy,customer23@email.com,North,Regular,2021-12-28,45-54
CUST0024,Rajesh,Nair,customer24@email.com,North,Regular,2021-12-15,55+
CUST0025,Rohan,Patel,customer25@email.com,North,Premium,2021-02-22,25-34
CUST0026,Swati,Nair,customer26@email.com,Central,Regular,2020-03-18,18-24
CUST0027,Rahul,Patel,customer27@email.com,Central,Regular,2020-02-04,25-34
CUST0028,Aarav,Verma,customer28@email.com,South,Premium,2020-12-16,45-54
CUST0029,Priya,Iyer,customer29@email.com,South,Occasional,2022-01-12,18-24
CUST0030,Arjun,Iyer,customer30@email.com,West,Occasional,2020-05-23,55+
CUST0031,Rajesh,Nair,customer31@email.com,East,Regular,2021-10-27,35-44
CUST0032,Pooja,Patel,customer32@email.com,South,Regular,2020-01-02,45-54
CUST0033,Priya,Singh,customer33@email.com,North,Occasional,2021-06-11,35-44
CUST0034,Amit,Verma,customer34@email.com,Central,Regular,2021-03-16,18-24
CUST0035,Pooja,Patel,customer35@email.com,South,Regular,2022-06-24,18-24
CUST0036,Rajesh,Patel,customer36@email.com,Central,Occasional,2021-01-18,18-24
CUST0037,Karan,Nair,customer37@email.com,East,Premium,2020-02-19,25-34
CUST0038,Karan,Sharma,customer38@email.com,Central,Premium,2020-09-02,45-54
CUST0039,Rajesh,Nair,customer39@email.com,North,Premium,2022-05-11,25-34
CUST0040,Vikram,Patel,customer40@email.com,North,Regular,2021-11-03,25-34
CUST0041,Siddharth,Joshi,customer41@email.com,West,Premium,2022-03-22,18-24
CUST0042,Rohan,Verma,customer42@email.com,North,Premium,2020-11-09,45-54
CUST0043,Ananya,Sharma,customer43@email.com,North,Premium,2022-10-28,45-54
CUST0044,Rahul,Iyer,customer44@email.com,West,Premium,2021-08-10,25-34
CUST0045,Karan,Sharma,customer45@email.com,East,Occasional,2021-12-03,45-54
CUST0046,Karan,Iyer,customer46@email.com,North,Regular,2021-12-31,45-54
CUST0047,Divya,Iyer,customer47@email.com,North,Regular,2022-03-01,35-44
CUST0048,Rohan,Mehta,customer48@email.com,North,Premium,2020-10-15,55+
CUST0049,Rahul,Sharma,customer49@email.com,Central,Premium,2021-03-04,25-34
CUST0050,Divya,Joshi,customer50@email.com,South,Premium,2022-11-27,55+
CUST0051,Pooja,Gupta,customer51@email.com,West,Premium,2022-08-19,18-24
CUST0052,Karan,Reddy,customer52@email.com,Central,Occasional,2021-01-24,25-34
CUST0053,Rajesh,Nair,customer53@email.com,North,Occasional,2022-06-16,25-34
CUST0054,Sneha,Patel,customer54@email.com,East,Occasional,2021-12-07,45-54
CUST0055,Nisha,Gupta,customer55@email.com,Central,Occasional,2020-12-12,45-54
CUST0056,Vikram,Singh,customer56@email.com,North,Regular,2021-07-19,18-24
CUST0057,Vikram,Sharma,customer57@email.com,South,Occasional,2020-04-20,18-24
CUST0058,Pooja,Reddy,customer58@email.com,South,Regular,2020-04-25,25-34
CUST0059,Arjun,Sharma,customer59@email.com,South,Regular,2022-08-29,45-54
CUST0060,Rohan,Joshi,customer60@email.com,West,Occasional,2022-11-17,45-54
CUST0061,Vikram,Mehta,customer61@email.com,Central,Regular,2022-05-27,35-44
CUST0062,Ananya,Sharma,customer62@email.com,South,Regular,2021-05-27,18-24
CUST0063,Sneha,Sharma,customer63@email.com,Central,Regular,2020-12-19,45-54
CUST0064,Rajesh,Nair,customer64@email.com,East,Occasional,2020-08-18,35-44
CUST0065,Pooja,Nair,customer65@email.com,Central,Regular,2021-01-19,35-44
CUST0066,Ananya,Singh,customer66@email.com,East,Regular,2020-04-24,18-24
CUST0067,Arjun,Nair,customer67@email.com,West,Premium,2022-12-27,18-24
CUST0068,Priya,Verma,customer68@email.com,Central,Premium,2022-04-25,18-24
CUST0069,Neha,Iyer,customer69@email.com,South,Regular,2022-06-10,45-54
CUST0070,Rohan,Nair,customer70@email.com,South,Regular,2020-08-17,55+
CUST0071,Aarav,Iyer,customer71@email.com,North,Premium,2020-12-12,45-54
CUST0072,Rajesh,Sharma,customer72@email.com,North,Premium,2021-01-30,18-24
CUST0073,Karan,Iyer,customer73@email.com,North,Regular,2020-09-17,45-54
CUST0074,Priya,Nair,customer74@email.com,South,Premium,2021-02-20,18-24
CUST0075,Divya,Gupta,customer75@email.com,Central,Occasional,2021-06-16,45-54
CUST0076,Amit,Patel,customer76@email.com,North,Regular,2021-11-25,18-24
CUST0077,Neha,Patel,customer77@email.com,East,Premium,2020-01-09,55+
CUST0078,Siddharth,Joshi,customer78@email.com,West,Regular,2021-07-31,45-54
CUST0079,Sneha,Iyer,customer79@email.com,North,Premium,2021-02-17,25-34
CUST0080,Karan,Reddy,customer80@email.com,West,Occasional,2022-02-15,45-54
CUST0081,Neha,Joshi,customer81@email.com,West,Occasional,2022-03-03,18-24
CUST0082,Rohan,Iyer,customer82@email.com,South,Regular,2022-03-24,45-54
CUST0083,Priya,Mehta,customer83@email.com,West,Premium,2020-09-04,45-54
CUST0084,Rahul,Reddy,customer84@email.com,North,Premium,2022-08-16,18-24
CUST0085,Rajesh,Nair,customer85@email.com,West,Premium,2022-04-22,35-44
CUST0086,Arjun,Reddy,customer86@email.com,South,Premium,2022-08-15,55+
CUST0087,Arjun,Reddy,customer87@email.com,North,Occasional,2021-03-27,25-34
CUST0088,Rohan,Gupta,customer88@email.com,South,Regular,2022-10-07,35-44
CUST0089,Aditya,Sharma,customer89@email.com,Central,Regular,2021-05-02,55+
CUST0090,Amit,Reddy,customer90@email.com,Central,Occasional,2020-03-28,25-34
CUST0091,Karan,Nair,customer91@email.com,Central,Regular,2020-07-16,18-24
CUST0092,Amit,Reddy,customer92@email.com,Central,Occasional,2021-05-12,18-24
CUST0093,Amit,Verma,customer93@email.com,South,Regular,2021-10-16,45-54
CUST0094,Priya,Nair,customer94@email.com,West,Regular,2021-07-05,25-34
CUST0095,Ananya,Gupta,customer95@email.com,West,Regular,2021-12-23,25-34
CUST0096,Aditya,Reddy,customer96@email.com,Central,Occasional,2021-05-19,55+
CUST0097,Sneha,Reddy,customer97@email.com,West,Regular,2022-12-02,18-24
CUST0098,Arjun,Patel,customer98@email.com,West,Occasional,2022-03-22,18-24
CUST0099,Priya,Iyer,customer99@email.com,West,Regular,2022-01-15,18-24
CUST0100,Priya,Patel,customer100@email.com,North,Premium,2021-07-19,18-24
CUST0101,Nisha,Verma,customer101@email.com,South,Occasional,2020-12-06,55+
CUST0102,Swati,Iyer,customer102@email.com,Central,Regular,2020-06-27,25-34
CUST0103,Rohan,Nair,customer103@email.com,North,Occasional,2020-03-06,55+
CUST0104,Aditya,Sharma,customer104@email.com,North,Occasional,2020-10-06,35-44
CUST0105,Vikram,Patel,customer105@email.com,North,Regular,2020-06-21,35-44
CUST0106,Meera,Reddy,customer106@email.com,West,Regular,2020-02-28,35-44
CUST0107,Aarav,Iyer,customer107@email.com,South,Regular,2022-08-28,18-24
CUST0108,Priya,Joshi,customer108@email.com,West,Regular,2021-03-17,45-54
CUST0109,Ananya,Singh,customer109@email.com,West,Regular,2022-07-11,35-44
CUST0110,Rohan,Verma,customer110@email.com,South,Regular,2020-02-20,45-54
CUST0111,Rajesh,Mehta,customer111@email.com,South,Regular,2020-08-17,55+
CUST0112,Vikram,Nair,customer112@email.com,West,Occasional,2020-04-29,18-24
CUST0113,Rajesh,Gupta,customer113@email.com,South,Regular,2022-05-05,35-44
CUST0114,Rohan,Reddy,customer114@email.com,West,Occasional,2022-05-16,35-44
CUST0115,Riya,Iyer,customer115@email.com,South,Regular,2022-01-04,45-54
CUST0116,Nisha,Iyer,customer116@email.com,South,Regular,2021-02-18,45-54
CUST0117,Siddharth,Reddy,customer117@email.com,West,Regular,2021-12-25,35-44
CUST0118,Swati,Joshi,customer118@email.com,East,Regular,2020-11-22,45-54
CUST0119,Arjun,Reddy,customer119@email.com,West,Regular,2022-11-10,35-44
CUST0120,Divya,Patel,customer120@email.com,North,Regular,2020-07-06,18-24
CUST0121,Rahul,Verma,customer121@email.com,West,Premium,2022-03-16,25-34
CUST0122,Pooja,Reddy,customer122@email.com,South,Occasional,2020-09-21,35-44
CUST0123,Vikram,Sharma,customer123@email.com,Central,Regular,2021-10-04,35-44
CUST0124,Nisha,Iyer,customer124@email.com,South,Regular,2022-10-09,45-54
CUST0125,Arjun,Joshi,customer125@email.com,West,Premium,2022-02-26,55+
CUST0126,Rajesh,Verma,customer126@email.com,West,Regular,2022-11-17,55+
CUST0127,Rohan,Mehta,customer127@email.com,North,Occasional,2021-10-19,18-24
CUST0128,Meera,Gupta,customer128@email.com,Central,Regular,2022-02-01,25-34
CUST0129,Sneha,Singh,customer129@email.com,South,Occasional,2020-05-03,45-54
CUST0130,Rahul,Patel,customer130@email.com,South,Occasional,2022-10-04,35-44
CUST0131,Aditya,Verma,customer131@email.com,West,Regular,2021-02-20,18-24
CUST0132,Pooja,Mehta,customer132@email.com,East,Occasional,2020-03-23,25-34
CUST0133,Swati,Verma,customer133@email.com,West,Regular,2021-03-21,18-24
CUST0134,Divya,Mehta,customer134@email.com,North,Occasional,2020-09-01,45-54
CUST0135,Riya,Nair,customer135@email.com,North,Occasional,2020-02-10,25-34
CUST0136,Swati,Iyer,customer136@email.com,Central,Occasional,2022-10-08,55+
CUST0137,Aarav,Joshi,customer137@email.com,West,Regular,2022-03-10,18-24
CUST0138,Siddharth,Mehta,customer138@email.com,West,Regular,2020-02-08,18-24
CUST0139,Rahul,Reddy,customer139@email.com,South,Occasional,2020-10-16,45-54
CUST0140,Nisha,Joshi,customer140@email.com,Central,Occasional,2021-08-10,55+
CUST0141,Swati,Iyer,customer141@email.com,West,Regular,2021-04-03,55+
CUST0142,Divya,Verma,customer142@email.com,East,Regular,2021-02-04,55+
CUST0143,Rahul,Sharma,customer143@email.com,North,Regular,2022-04-22,55+
CUST0144,Swati,Patel,customer144@email.com,North,Premium,2020-04-28,35-44
CUST0145,Amit,Sharma,customer145@email.com,East,Regular,2022-05-14,18-24
CUST0146,Neha,Sharma,customer146@email.com,South,Regular,2020-10-15,25-34
CUST0147,Meera,Joshi,customer147@email.com,South,Regular,2022-06-11,55+
CUST0148,Rahul,Gupta,customer148@email.com,Central,Regular,2022-09-09,45-54
CUST0149,Priya,Sharma,customer149@email.com,Central,Regular,2021-04-25,25-34
CUST0150,Rajesh,Mehta,customer150@email.com,South,Regular,2022-09-27,35-44
CUST0151,Amit,Mehta,customer151@email.com,Central,Occasional,2020-07-25,45-54
CUST0152,Priya,Gupta,customer152@email.com,West,Regular,2021-07-14,25-34
CUST0153,Divya,Gupta,customer153@email.com,West,Premium,2020-12-17,45-54
CUST0154,Rahul,Iyer,customer154@email.com,North,Occasional,2020-06-23,35-44
CUST0155,Meera,Singh,customer155@email.com,Central,Occasional,2022-11-03,45-54
CUST0156,Pooja,Mehta,customer156@email.com,West,Premium,2020-11-12,25-34
CUST0157,Ananya,Joshi,customer157@email.com,East,Occasional,2021-05-19,18-24
CUST0158,Rahul,Reddy,customer158@email.com,Central,Premium,2021-01-21,25-34
CUST0159,Aarav,Joshi,customer159@email.com,South,Occasional,2021-12-15,18-24
CUST0160,Divya,Patel,customer160@email.com,West,Premium,2020-08-08,45-54
CUST0161,Riya,Mehta,customer161@email.com,West,Regular,2022-04-01,35-44
CUST0162,Amit,Sharma,customer162@email.com,North,Regular,2022-07-24,25-34
CUST0163,Sneha,Verma,customer163@email.com,East,Regular,2020-03-07,35-44
CUST0164,Aditya,Joshi,customer164@email.com,North,Regular,2022-12-20,55+
CUST0165,Riya,Reddy,customer165@email.com,Central,Premium,2020-10-12,45-54
CUST0166,Nisha,Patel,customer166@email.com,South,Occasional,2022-07-23,25-34
CUST0167,Pooja,Nair,customer167@email.com,North,Regular,2021-06-21,45-54
CUST0168,Neha,Mehta,customer168@email.com,South,Premium,2020-08-14,18-24
CUST0169,Sneha,Patel,customer169@email.com,North,Premium,2021-11-10,55+
CUST0170,Riya,Gupta,customer170@email.com,South,Regular,2020-08-04,35-44
CUST0171,Amit,Iyer,customer171@email.com,North,Regular,2020-06-01,55+
CUST0172,Ananya,Gupta,customer172@email.com,East,Regular,2020-02-14,25-34
CUST0173,Sneha,Iyer,customer173@email.com,South,Regular,2020-03-06,35-44
CUST0174,Pooja,Mehta,customer174@email.com,North,Occasional,2022-10-29,45-54
CUST0175,Pooja,Mehta,customer175@email.com,West,Regular,2021-02-07,25-34
CUST0176,Rohan,Verma,customer176@email.com,South,Occasional,2021-12-01,25-34
CUST0177,Siddharth,Mehta,customer177@email.com,Central,Occasional,2020-03-31,55+
CUST0178,Rohan,Nair,customer178@email.com,West,Occasional,2020-10-08,25-34
CUST0179,Divya,Patel,customer179@email.com,West,Regular,2022-01-19,18-24
CUST0180,Nisha,Iyer,customer180@email.com,West,Premium,2022-01-19,18-24
CUST0181,Pooja,Sharma,customer181@email.com,Central,Occasional,2022-08-30,18-24
CUST0182,Amit,Singh,customer182@email.com,North,Regular,2021-07-28,35-44
CUST0183,Karan,Sharma,customer183@email.com,West,Occasional,2021-09-18,35-44
CUST0184,Aditya,Patel,customer184@email.com,East,Occasional,2021-09-19,35-44
CUST0185,Divya,Sharma,customer185@email.com,North,Occasional,2022-06-03,55+
CUST0186,Amit,Nair,customer186@email.com,West,Premium,2020-03-03,35-44
CUST0187,Rohan,Joshi,customer187@email.com,East,Regular,2022-01-14,35-44
CUST0188,Pooja,Mehta,customer188@email.com,East,Regular,2020-08-09,18-24
CUST0189,Karan,Iyer,customer189@email.com,East,Occasional,2022-08-19,45-54
CUST0190,Karan,Nair,customer190@email.com,Central,Regular,2022-05-27,18-24
CUST0191,Rahul,Singh,customer191@email.com,Central,Regular,2022-04-24,25-34
CUST0192,Aditya,Iyer,customer192@email.com,East,Regular,2020-11-02,55+
CUST0193,Neha,Reddy,customer193@email.com,Central,Regular,2020-02-13,25-34
CUST0194,Swati,Sharma,customer194@email.com,East,Occasional,2021-03-28,45-54
CUST0195,Vikram,Nair,customer195@email.com,North,Regular,2021-06-19,45-54
CUST0196,Arjun,Joshi,customer196@email.com,South,Regular,2022-10-19,18-24
CUST0197,Swati,Iyer,customer197@email.com,West,Occasional,2021-08-02,25-34
CUST0198,Karan,Iyer,customer198@email.com,South,Regular,2020-06-25,25-34
CUST0199,Meera,Reddy,customer199@email.com,North,Regular,2022-02-26,18-24
CUST0200,Nisha,Nair,customer200@email.com,North,Occasional,2020-10-21,25-34
CUST0201,Rajesh,Singh,customer201@email.com,South,Occasional,2020-02-08,55+
CUST0202,Rajesh,Iyer,customer202@email.com,South,Occasional,2022-01-23,25-34
CUST0203,Sneha,Sharma,customer203@email.com,South,Premium,2021-09-17,25-34
CUST0204,Aarav,Verma,customer204@email.com,Central,Occasional,2020-11-02,45-54
CUST0205,Sneha,Sharma,customer205@email.com,North,Regular,2020-02-26,55+
CUST0206,Nisha,Nair,customer206@email.com,West,Regular,2022-04-27,18-24
CUST0207,Divya,Singh,customer207@email.com,East,Regular,2020-11-07,18-24
CUST0208,Meera,Iyer,customer208@email.com,East,Regular,2021-03-19,25-34
CUST0209,Rohan,Reddy,customer209@email.com,Central,Regular,2022-09-26,45-54
CUST0210,Nisha,Patel,customer210@email.com,South,Regular,2021-03-28,35-44
CUST0211,Rajesh,Gupta,customer211@email.com,North,Regular,2022-10-22,18-24
CUST0212,Aarav,Nair,customer212@email.com,West,Premium,2021-12-24,18-24
CUST0213,Arjun,Gupta,customer213@email.com,Central,Regular,2020-11-16,45-54
CUST0214,Rahul,Sharma,customer214@email.com,North,Occasional,2020-07-23,45-54
CUST0215,Amit,Joshi,customer215@email.com,East,Occasional,2022-06-27,18-24
CUST0216,Amit,Gupta,customer216@email.com,East,Premium,2022-07-08,18-24
CUST0217,Meera,Mehta,customer217@email.com,North,Occasional,2020-06-30,55+
CUST0218,Amit,Reddy,customer218@email.com,Central,Regular,2021-06-30,55+
CUST0219,Aditya,Reddy,customer219@email.com,North,Regular,2020-12-10,55+
CUST0220,Neha,Joshi,customer220@email.com,Central,Occasional,2021-11-13,35-44
CUST0221,Amit,Iyer,customer221@email.com,Central,Regular,2020-09-24,25-34
CUST0222,Siddharth,Sharma,customer222@email.com,Central,Regular,2021-09-09,55+
CUST0223,Nisha,Iyer,customer223@email.com,Central,Regular,2022-05-04,45-54
CUST0224,Riya,Reddy,customer224@email.com,North,Regular,2020-12-17,18-24
CUST0225,Rajesh,Joshi,customer225@email.com,South,Regular,2020-12-19,45-54
CUST0226,Rajesh,Nair,customer226@email.com,West,Occasional,2022-11-15,55+
CUST0227,Aarav,Verma,customer227@email.com,South,Regular,2020-08-01,35-44
CUST0228,Aditya,Reddy,customer228@email.com,Central,Regular,2021-12-15,45-54
CUST0229,Rohan,Iyer,customer229@email.com,North,Premium,2020-12-08,25-34
CUST0230,Siddharth,Gupta,customer230@email.com,East,Occasional,2020-02-21,35-44
CUST0231,Sneha,Nair,customer231@email.com,West,Occasional,2020-06-10,35-44
CUST0232,Vikram,Nair,customer232@email.com,East,Occasional,2020-11-04,55+
CUST0233,Rohan,Verma,customer233@email.com,Central,Premium,2022-03-11,35-44
CUST0234,Rajesh,Joshi,customer234@email.com,South,Premium,2020-07-23,35-44
CUST0235,Vikram,Reddy,customer235@email.com,West,Premium,2021-02-16,55+
CUST0236,Siddharth,Sharma,customer236@email.com,East,Regular,2020-12-12,35-44
CUST0237,Sneha,Iyer,customer237@email.com,East,Occasional,2021-05-10,35-44
CUST0238,Priya,Gupta,customer238@email.com,West,Regular,2020-03-02,25-34
CUST0239,Rajesh,Patel,customer239@email.com,South,Premium,2020-12-11,45-54
CUST0240,Rajesh,Sharma,customer240@email.com,North,Occasional,2022-08-25,45-54
CUST0241,Rahul,Joshi,customer241@email.com,East,Regular,2022-09-15,45-54
CUST0242,Vikram,Mehta,customer242@email.com,West,Premium,2022-01-03,55+
CUST0243,Nisha,Reddy,customer243@email.com,East,Premium,2021-06-07,18-24
CUST0244,Riya,Iyer,customer244@email.com,Central,Premium,2021-12-23,25-34
CUST0245,Siddharth,Singh,customer245@email.com,North,Regular,2022-03-28,45-54
CUST0246,Nisha,Gupta,customer246@email.com,North,Premium,2020-04-20,18-24
CUST0247,Pooja,Iyer,customer247@email.com,North,Premium,2022-06-28,18-24
CUST0248,Aarav,Reddy,customer248@email.com,South,Regular,2020-05-27,18-24
CUST0249,Rohan,Gupta,customer249@email.com,South,Occasional,2020-08-09,18-24
CUST0250,Priya,Gupta,customer250@email.com,South,Occasional,2020-07-13,18-24
CUST0251,Vikram,Singh,customer251@email.com,North,Occasional,2022-10-26,45-54
CUST0252,Neha,Reddy,customer252@email.com,East,Premium,2022-12-02,18-24
CUST0253,Arjun,Verma,customer253@email.com,Central,Occasional,2021-04-02,55+
CUST0254,Divya,Singh,customer254@email.com,South,Occasional,2020-01-29,45-54
CUST0255,Nisha,Reddy,customer255@email.com,South,Regular,2020-09-09,35-44
CUST0256,Arjun,Mehta,customer256@email.com,West,Premium,2022-05-10,45-54
CUST0257,Rohan,Reddy,customer257@email.com,Central,Occasional,2022-03-18,45-54
CUST0258,Divya,Iyer,customer258@email.com,North,Regular,2021-10-22,18-24
CUST0259,Rahul,Sharma,customer259@email.com,South,Premium,2021-01-11,55+
CUST0260,Amit,Singh,customer260@email.com,South,Regular,2022-08-14,45-54
CUST0261,Karan,Gupta,customer261@email.com,West,Occasional,2021-07-26,55+
CUST0262,Meera,Gupta,customer262@email.com,South,Occasional,2020-08-23,55+
CUST0263,Arjun,Iyer,customer263@email.com,West,Premium,2022-10-14,45-54
CUST0264,Rajesh,Iyer,customer264@email.com,South,Regular,2021-08-05,35-44
CUST0265,Aditya,Singh,customer265@email.com,Central,Occasional,2021-04-20,25-34
CUST0266,Meera,Joshi,customer266@email.com,East,Regular,2020-09-22,25-34
CUST0267,Rahul,Gupta,customer267@email.com,North,Regular,2020-07-03,45-54
CUST0268,Priya,Joshi,customer268@email.com,East,Occasional,2020-06-26,55+
CUST0269,Rohan,Gupta,customer269@email.com,West,Regular,2022-02-09,25-34
CUST0270,Aarav,Reddy,customer270@email.com,North,Regular,2021-02-18,35-44
CUST0271,Riya,Mehta,customer271@email.com,North,Premium,2022-06-07,25-34
CUST0272,Rohan,Verma,customer272@email.com,West,Premium,2020-02-27,45-54
CUST0273,Aarav,Patel,customer273@email.com,East,Premium,2021-05-07,45-54
CUST0274,Priya,Patel,customer274@email.com,South,Regular,2022-11-14,45-54
CUST0275,Pooja,Singh,customer275@email.com,East,Occasional,2021-07-02,18-24
CUST0276,Aarav,Verma,customer276@email.com,South,Regular,2021-12-24,45-54
CUST0277,Rajesh,Gupta,customer277@email.com,North,Occasional,2022-12-11,25-34
CUST0278,Priya,Verma,customer278@email.com,East,Occasional,2022-05-19,35-44
CUST0279,Ananya,Gupta,customer279@email.com,Central,Regular,2021-07-19,45-54
CUST0280,Swati,Gupta,customer280@email.com,North,Regular,2020-07-18,35-44
CUST0281,Riya,Verma,customer281@email.com,West,Premium,2021-12-06,25-34
CUST0282,Nisha,Sharma,customer282@email.com,East,Regular,2020-12-13,18-24
CUST0283,Rohan,Sharma,customer283@email.com,North,Occasional,2020-10-19,35-44
CUST0284,Swati,Singh,customer284@email.com,East,Occasional,2022-12-08,25-34
CUST0285,Rajesh,Verma,customer285@email.com,North,Regular,2021-06-12,35-44
CUST0286,Priya,Singh,customer286@email.com,West,Premium,2022-09-30,55+
CUST0287,Divya,Verma,customer287@email.com,North,Regular,2021-04-27,55+
CUST0288,Meera,Gupta,customer288@email.com,Central,Occasional,2022-01-10,55+
CUST0289,Meera,Gupta,customer289@email.com,Central,Regular,2021-02-03,25-34
CUST0290,Amit,Verma,customer290@email.com,North,Premium,2022-09-02,45-54
CUST0291,Rajesh,Reddy,customer291@email.com,North,Occasional,2022-11-23,45-54
CUST0292,Nisha,Sharma,customer292@email.com,North,Regular,2020-10-31,45-54
CUST0293,Priya,Singh,customer293@email.com,West,Regular,2020-03-12,35-44
CUST0294,Vikram,Singh,customer294@email.com,South,Regular,2021-05-20,35-44
CUST0295,Pooja,Singh,customer295@email.com,North,Regular,2022-12-27,45-54
CUST0296,Amit,Patel,customer296@email.com,East,Regular,2021-03-01,18-24
CUST0297,Pooja,Sharma,customer297@email.com,North,Regular,2020-03-27,25-34
CUST0298,Rahul,Mehta,customer298@email.com,South,Occasional,2020-10-22,25-34
CUST0299,Siddharth,Iyer,customer299@email.com,East,Regular,2021-12-21,55+
CUST0300,Ananya,Reddy,customer300@email.com,South,Premium,2021-10-10,25-34
CUST0301,Sneha,Verma,customer301@email.com,North,Regular,2022-10-28,55+
CUST0302,Neha,Sharma,customer302@email.com,East,Premium,2021-08-19,18-24
CUST0303,Nisha,Iyer,customer303@email.com,West,Regular,2020-02-21,35-44
CUST0304,Vikram,Verma,customer304@email.com,North,Regular,2020-11-06,45-54
CUST0305,Vikram,Reddy,customer305@email.com,North,Regular,2021-06-04,35-44
CUST0306,Siddharth,Gupta,customer306@email.com,Central,Occasional,2020-06-22,35-44
CUST0307,Ananya,Verma,customer307@email.com,South,Occasional,2020-08-17,35-44
CUST0308,Priya,Singh,customer308@email.com,South,Premium,2020-08-26,25-34
CUST0309,Vikram,Nair,customer309@email.com,East,Occasional,2021-01-07,55+
CUST0310,Arjun,Nair,customer310@email.com,West,Premium,2022-11-12,55+
CUST0311,Siddharth,Verma,customer311@email.com,North,Premium,2021-01-26,25-34
CUST0312,Nisha,Sharma,customer312@email.com,South,Regular,2021-12-10,45-54
CUST0313,Ananya,Verma,customer313@email.com,Central,Occasional,2022-01-16,18-24
CUST0314,Aditya,Verma,customer314@email.com,Central,Regular,2020-04-05,18-24
CUST0315,Rajesh,Verma,customer315@email.com,West,Regular,2022-05-29,18-24
CUST0316,Karan,Iyer,customer316@email.com,East,Regular,2021-02-20,55+
CUST0317,Rajesh,Gupta,customer317@email.com,Central,Regular,2020-05-27,45-54
CUST0318,Sneha,Joshi,customer318@email.com,Central,Premium,2020-02-08,18-24
CUST0319,Rahul,Singh,customer319@email.com,West,Occasional,2020-01-02,55+
CUST0320,Rohan,Iyer,customer320@email.com,West,Occasional,2022-02-19,55+
CUST0321,Riya,Patel,customer321@email.com,Central,Occasional,2021-06-15,35-44
CUST0322,Divya,Sharma,customer322@email.com,North,Occasional,2020-02-14,25-34
CUST0323,Riya,Patel,customer323@email.com,North,Premium,2022-09-13,25-34
CUST0324,Swati,Mehta,customer324@email.com,Central,Regular,2022-04-15,25-34
CUST0325,Vikram,Sharma,customer325@email.com,East,Premium,2022-07-04,35-44
CUST0326,Arjun,Singh,customer326@email.com,South,Regular,2020-01-23,18-24
CUST0327,Pooja,Reddy,customer327@email.com,Central,Premium,2021-11-26,18-24
CUST0328,Aarav,Patel,customer328@email.com,North,Regular,2021-11-02,18-24
CUST0329,Vikram,Singh,customer329@email.com,South,Regular,2022-04-09,45-54
CUST0330,Vikram,Verma,customer330@email.com,South,Regular,2020-11-29,25-34
CUST0331,Vikram,Iyer,customer331@email.com,North,Premium,2020-08-29,35-44
CUST0332,Neha,Mehta,customer332@email.com,West,Occasional,2021-11-24,18-24
CUST0333,Priya,Gupta,customer333@email.com,Central,Regular,2021-09-16,45-54
CUST0334,Pooja,Joshi,customer334@email.com,Central,Regular,2022-06-19,55+
CUST0335,Vikram,Verma,customer335@email.com,North,Regular,2022-02-04,55+
CUST0336,Rohan,Nair,customer336@email.com,East,Premium,2020-11-18,55+
CUST0337,Ananya,Reddy,customer337@email.com,Central,Premium,2021-10-12,18-24
CUST0338,Aarav,Mehta,customer338@email.com,South,Occasional,2021-06-15,18-24
CUST0339,Amit,Patel,customer339@email.com,South,Regular,2022-07-19,25-34
CUST0340,Neha,Nair,customer340@email.com,North,Occasional,2020-03-11,18-24
CUST0341,Nisha,Gupta,customer341@email.com,West,Regular,2020-10-18,45-54
CUST0342,Priya,Joshi,customer342@email.com,South,Occasional,2020-10-17,25-34
CUST0343,Aditya,Joshi,customer343@email.com,East,Premium,2020-12-22,18-24
CUST0344,Divya,Mehta,customer344@email.com,East,Regular,2022-10-19,45-54
CUST0345,Amit,Singh,customer345@email.com,East,Occasional,2021-12-11,25-34
CUST0346,Pooja,Sharma,customer346@email.com,East,Regular,2020-11-21,25-34
CUST0347,Vikram,Patel,customer347@email.com,West,Regular,2022-04-01,45-54
CUST0348,Sneha,Verma,customer348@email.com,East,Occasional,2022-03-07,35-44
CUST0349,Neha,Patel,customer349@email.com,East,Regular,2021-03-16,35-44
CUST0350,Sneha,Iyer,customer350@email.com,Central,Regular,2022-10-13,55+
CUST0351,Swati,Reddy,customer351@email.com,North,Occasional,2020-09-19,25-34
CUST0352,Divya,Verma,customer352@email.com,Central,Regular,2020-11-14,35-44
CUST0353,Nisha,Gupta,customer353@email.com,South,Regular,2022-04-02,35-44
CUST0354,Ananya,Gupta,customer354@email.com,North,Occasional,2020-12-16,55+
CUST0355,Meera,Mehta,customer355@email.com,South,Regular,2022-10-22,25-34
CUST0356,Pooja,Iyer,customer356@email.com,West,Premium,2020-09-23,18-24
CUST0357,Arjun,Gupta,customer357@email.com,West,Regular,2020-10-24,55+
CUST0358,Riya,Gupta,customer358@email.com,West,Regular,2020-10-01,55+
CUST0359,Arjun,Gupta,customer359@email.com,South,Occasional,2020-12-24,25-34
CUST0360,Rajesh,Nair,customer360@email.com,East,Regular,2020-10-19,45-54
CUST0361,Swati,Iyer,customer361@email.com,West,Occasional,2022-08-24,45-54
CUST0362,Arjun,Patel,customer362@email.com,North,Regular,2022-01-04,35-44
CUST0363,Aarav,Iyer,customer363@email.com,North,Regular,2021-02-20,55+
CUST0364,Divya,Iyer,customer364@email.com,North,Occasional,2021-02-01,25-34
CUST0365,Swati,Patel,customer365@email.com,East,Occasional,2020-12-02,55+
CUST0366,Divya,Nair,customer366@email.com,South,Regular,2022-05-15,25-34
CUST0367,Arjun,Patel,customer367@email.com,South,Premium,2020-12-09,55+
CUST0368,Arjun,Patel,customer368@email.com,West,Occasional,2022-04-26,35-44
CUST0369,Arjun,Iyer,customer369@email.com,Central,Premium,2021-11-27,25-34
CUST0370,Ananya,Joshi,customer370@email.com,North,Occasional,2021-04-25,35-44
CUST0371,Karan,Sharma,customer371@email.com,West,Occasional,2020-09-08,25-34
CUST0372,Siddharth,Singh,customer372@email.com,North,Regular,2022-11-25,18-24
CUST0373,Sneha,Nair,customer373@email.com,Central,Regular,2021-01-02,25-34
CUST0374,Sneha,Verma,customer374@email.com,East,Premium,2020-07-01,18-24
CUST0375,Nisha,Mehta,customer375@email.com,East,Occasional,2022-02-15,25-34
CUST0376,Arjun,Patel,customer376@email.com,West,Regular,2020-03-02,45-54
CUST0377,Riya,Sharma,customer377@email.com,North,Regular,2020-03-19,25-34
CUST0378,Ananya,Sharma,customer378@email.com,Central,Regular,2020-09-12,35-44
CUST0379,Vikram,Singh,customer379@email.com,West,Occasional,2020-05-29,45-54
CUST0380,Neha,Joshi,customer380@email.com,East,Premium,2020-09-21,25-34
CUST0381,Aarav,Verma,customer381@email.com,East,Premium,2022-08-28,18-24
CUST0382,Pooja,Patel,customer382@email.com,West,Occasional,2022-08-26,18-24
CUST0383,Pooja,Gupta,customer383@email.com,Central,Occasional,2022-09-30,18-24
CUST0384,Vikram,Nair,customer384@email.com,South,Premium,2022-04-14,18-24
CUST0385,Rahul,Nair,customer385@email.com,South,Regular,2022-05-01,45-54
CUST0386,Divya,Singh,customer386@email.com,Central,Premium,2022-04-24,25-34
CUST0387,Aditya,Verma,customer387@email.com,West,Occasional,2022-01-30,18-24
CUST0388,Karan,Joshi,customer388@email.com,Central,Premium,2021-01-23,35-44
CUST0389,Aditya,Joshi,customer389@email.com,South,Occasional,2022-11-08,55+
CUST0390,Rajesh,Nair,customer390@email.com,South,Regular,2021-01-27,25-34
CUST0391,Swati,Gupta,customer391@email.com,South,Occasional,2021-09-08,25-34
CUST0392,Siddharth,Singh,customer392@email.com,Central,Premium,2021-12-08,55+
CUST0393,Ananya,Sharma,customer393@email.com,East,Regular,2020-12-18,45-54
CUST0394,Meera,Gupta,customer394@email.com,South,Regular,2022-04-12,25-34
CUST0395,Rohan,Iyer,customer395@email.com,East,Regular,2022-10-22,45-54
CUST0396,Priya,Iyer,customer396@email.com,West,Regular,2022-09-30,55+
CUST0397,Swati,Nair,customer397@email.com,North,Premium,2020-03-02,25-34
CUST0398,Karan,Joshi,customer398@email.com,North,Occasional,2022-06-13,18-24
CUST0399,Vikram,Joshi,customer399@email.com,North,Regular,2021-01-06,55+
CUST0400,Nisha,Iyer,customer400@email.com,South,Regular,2022-07-02,45-54
CUST0401,Neha,Mehta,customer401@email.com,Central,Regular,2021-07-22,45-54
CUST0402,Rahul,Nair,customer402@email.com,East,Regular,2022-04-08,25-34
CUST0403,Karan,Patel,customer403@email.com,South,Regular,2022-02-05,55+
CUST0404,Sneha,Reddy,customer404@email.com,East,Premium,2021-07-31,25-34
CUST0405,Rajesh,Patel,customer405@email.com,South,Regular,2022-01-01,35-44
CUST0406,Amit,Patel,customer406@email.com,Central,Regular,2021-02-09,25-34
CUST0407,Priya,Joshi,customer407@email.com,South,Regular,2020-04-26,25-34
CUST0408,Sneha,Iyer,customer408@email.com,North,Premium,2021-06-24,45-54
CUST0409,Riya,Mehta,customer409@email.com,North,Regular,2021-09-05,18-24
CUST0410,Rahul,Singh,customer410@email.com,Central,Regular,2021-04-17,18-24
CUST0411,Rahul,Patel,customer411@email.com,North,Regular,2022-08-08,25-34
CUST0412,Ananya,Joshi,customer412@email.com,North,Occasional,2020-02-25,35-44
CUST0413,Meera,Reddy,customer413@email.com,West,Regular,2020-12-14,45-54
CUST0414,Arjun,Nair,customer414@email.com,North,Premium,2020-12-22,35-44
CUST0415,Rohan,Patel,customer415@email.com,North,Regular,2020-12-08,18-24
CUST0416,Arjun,Verma,customer416@email.com,North,Regular,2021-01-31,35-44
CUST0417,Aarav,Reddy,customer417@email.com,North,Regular,2020-11-23,55+
CUST0418,Rajesh,Gupta,customer418@email.com,West,Occasional,2020-03-20,35-44
CUST0419,Priya,Nair,customer419@email.com,North,Occasional,2022-03-27,18-24
CUST0420,Neha,Patel,customer420@email.com,North,Regular,2022-08-09,55+
CUST0421,Riya,Verma,customer421@email.com,South,Occasional,2022-07-02,25-34
CUST0422,Karan,Reddy,customer422@email.com,South,Regular,2020-08-04,55+
CUST0423,Nisha,Reddy,customer423@email.com,West,Regular,2020-09-22,18-24
CUST0424,Aditya,Nair,customer424@email.com,South,Regular,2022-08-03,25-34
CUST0425,Riya,Singh,customer425@email.com,North,Regular,2021-12-18,25-34
CUST0426,Amit,Sharma,customer426@email.com,West,Regular,2021-02-06,55+
CUST0427,Nisha,Reddy,customer427@email.com,West,Occasional,2020-08-24,35-44
CUST0428,Karan,Reddy,customer428@email.com,East,Regular,2021-11-12,18-24
CUST0429,Amit,Gupta,customer429@email.com,East,Regular,2021-12-12,18-24
CUST0430,Rajesh,Gupta,customer430@email.com,South,Occasional,2021-09-11,18-24
CUST0431,Ananya,Verma,customer431@email.com,Central,Premium,2022-08-13,35-44
CUST0432,Pooja,Nair,customer432@email.com,West,Occasional,2021-06-23,35-44
CUST0433,Siddharth,Mehta,customer433@email.com,West,Regular,2022-12-18,18-24
CUST0434,Neha,Iyer,customer434@email.com,West,Premium,2020-10-13,35-44
CUST0435,Neha,Nair,customer435@email.com,West,Regular,2021-05-02,55+
CUST0436,Siddharth,Mehta,customer436@email.com,North,Regular,2020-08-25,25-34
CUST0437,Pooja,Joshi,customer437@email.com,North,Regular,2021-07-24,35-44
CUST0438,Neha,Singh,customer438@email.com,East,Premium,2021-03-28,25-34
CUST0439,Priya,Reddy,customer439@email.com,West,Regular,2021-06-23,55+
CUST0440,Ananya,Nair,customer440@email.com,West,Regular,2022-07-24,18-24
CUST0441,Rajesh,Gupta,customer441@email.com,South,Occasional,2020-11-14,25-34
CUST0442,Priya,Gupta,customer442@email.com,Central,Regular,2020-05-22,18-24
CUST0443,Pooja,Verma,customer443@email.com,South,Premium,2020-01-14,25-34
CUST0444,Karan,Joshi,customer444@email.com,East,Regular,2021-09-08,18-24
CUST0445,Swati,Mehta,customer445@email.com,Central,Occasional,2021-02-14,55+
CUST0446,Divya,Joshi,customer446@email.com,West,Regular,2021-08-12,35-44
CUST0447,Arjun,Mehta,customer447@email.com,South,Occasional,2021-04-12,35-44
CUST0448,Divya,Reddy,customer448@email.com,North,Occasional,2020-10-13,55+
CUST0449,Rajesh,Singh,customer449@email.com,Central,Occasional,2021-08-23,35-44
CUST0450,Siddharth,Mehta,customer450@email.com,South,Regular,2021-06-28,45-54
CUST0451,Aditya,Iyer,customer451@email.com,South,Regular,2022-03-08,25-34
CUST0452,Rahul,Iyer,customer452@email.com,West,Premium,2022-04-14,55+
CUST0453,Karan,Reddy,customer453@email.com,Central,Occasional,2020-01-28,55+
CUST0454,Arjun,Verma,customer454@email.com,South,Occasional,2022-02-13,18-24
CUST0455,Rajesh,Nair,customer455@email.com,South,Occasional,2022-08-29,25-34
CUST0456,Riya,Sharma,customer456@email.com,West,Premium,2021-03-03,35-44
CUST0457,Aditya,Gupta,customer457@email.com,South,Occasional,2021-05-24,45-54
CUST0458,Riya,Reddy,customer458@email.com,South,Regular,2022-04-19,18-24
CUST0459,Priya,Mehta,customer459@email.com,East,Regular,2020-07-29,35-44
CUST0460,Rohan,Patel,customer460@email.com,Central,Regular,2021-10-01,55+
CUST0461,Aarav,Patel,customer461@email.com,East,Premium,2022-05-28,25-34
CUST0462,Karan,Nair,customer462@email.com,East,Occasional,2020-10-18,35-44
CUST0463,Swati,Joshi,customer463@email.com,South,Regular,2021-02-23,55+
CUST0464,Riya,Sharma,customer464@email.com,Central,Regular,2020-08-03,18-24
CUST0465,Swati,Singh,customer465@email.com,North,Occasional,2021-07-16,35-44
CUST0466,Karan,Mehta,customer466@email.com,East,Regular,2020-10-11,45-54
CUST0467,Rohan,Singh,customer467@email.com,Central,Regular,2020-12-03,18-24
CUST0468,Divya,Patel,customer468@email.com,South,Occasional,2020-09-19,25-34
CUST0469,Vikram,Sharma,customer469@email.com,South,Occasional,2021-11-28,35-44
CUST0470,Ananya,Mehta,customer470@email.com,West,Regular,2021-11-02,18-24
CUST0471,Meera,Nair,customer471@email.com,Central,Premium,2020-09-02,55+
CUST0472,Amit,Iyer,customer472@email.com,North,Occasional,2022-10-27,55+
CUST0473,Rahul,Patel,customer473@email.com,Central,Occasional,2021-06-06,45-54
CUST0474,Priya,Patel,customer474@email.com,North,Occasional,2020-04-09,45-54
CUST0475,Rohan,Nair,customer475@email.com,East,Occasional,2021-12-12,18-24
CUST0476,Rahul,Sharma,customer476@email.com,South,Regular,2021-09-21,55+
CUST0477,Pooja,Sharma,customer477@email.com,South,Occasional,2022-02-04,55+
CUST0478,Arjun,Joshi,customer478@email.com,West,Regular,2021-02-08,25-34
CUST0479,Rahul,Patel,customer479@email.com,South,Regular,2021-11-16,25-34
CUST0480,Vikram,Reddy,customer480@email.com,South,Regular,2022-12-13,25-34
CUST0481,Rahul,Joshi,customer481@email.com,Central,Premium,2022-05-26,25-34
CUST0482,Aarav,Singh,customer482@email.com,North,Regular,2021-10-09,25-34
CUST0483,Siddharth,Nair,customer483@email.com,North,Regular,2022-04-25,45-54
CUST0484,Pooja,Sharma,customer484@email.com,West,Occasional,2020-08-10,25-34
CUST0485,Swati,Reddy,customer485@email.com,East,Occasional,2021-03-27,25-34
CUST0486,Priya,Patel,customer486@email.com,East,Occasional,2020-12-04,25-34
CUST0487,Ananya,Singh,customer487@email.com,Central,Premium,2021-07-21,45-54
CUST0488,Aarav,Singh,customer488@email.com,East,Premium,2022-04-07,18-24
CUST0489,Divya,Nair,customer489@email.com,North,Premium,2022-11-29,18-24
CUST0490,Ananya,Patel,customer490@email.com,South,Regular,2021-05-12,18-24
CUST0491,Priya,Nair,customer491@email.com,West,Occasional,2021-07-20,55+
CUST0492,Sneha,Nair,customer492@email.com,West,Regular,2021-03-15,35-44
CUST0493,Swati,Reddy,customer493@email.com,South,Regular,2021-07-10,18-24
CUST0494,Nisha,Singh,customer494@email.com,Central,Regular,2020-07-13,25-34
CUST0495,Riya,Patel,customer495@email.com,East,Occasional,2020-03-02,18-24
CUST0496,Rahul,Reddy,customer496@email.com,North,Premium,2021-01-29,45-54
CUST0497,Nisha,Mehta,customer497@email.com,East,Regular,2020-02-28,25-34
CUST0498,Riya,Singh,customer498@email.com,South,Occasional,2020-06-21,55+
CUST0499,Rohan,Patel,customer499@email.com,North,Occasional,2022-04-10,18-24
CUST0500,Priya,Verma,customer500@email.com,Central,Premium,2020-06-08,55+
